Stock,Trades,W/L,Winrate,Avg Win,Avg Loss,Net P/L
XIAOMI,2,1W-1L,50.0,3.34,1.56,4.9
ALIBABA,2,1W-1L,50.0,3.87,-1.41,2.46
BYD,1,0W-1L,0.0,0.0,1.1,1.1
TENCENT,5,1W-4L,20.0,3.74,-0.7274999999999999,0.8300000000000005
SUNNY-OPT,2,0W-2L,0.0,0.0,-0.07,-0.14
MEITUAN,2,0W-2L,0.0,0.0,-1.6500000000000001,-3.3000000000000003
